[{
	"post": [{
		"postid": 3076,
		"image": [{
			"url": "https://images8.alphacoders.com/561/561720.jpg",
			"catalogue": [{
				"catalogue": "image11"
			}, {
				"catalogue": "image12"
			}, {
				"catalogue": "image13"
			}, {
				"catalogue": "image14"
			}]
		}, {
			"url": "https://www.artranked.com/images/37/37de7e0b92fc1e9bf337341641a68864.jpeg",
			"catalogue": [{
				"catalogue": "test11"
			}, {
				"catalogue": "test12"
			}, {
				"catalogue": "test13"
			}, {
				"catalogue": "test14"
			}]
		}, {
			"url": "https://wallpapercave.com/wp/wp3604987.jpg",
			"catalogue": [{
				"catalogue": "image11"
			}, {
				"catalogue": "image12"
			}, {
				"catalogue": "image13"
			}, {
				"catalogue": "image14"
			}]
		}, {
			"url": "https://cdn.wallpapersafari.com/36/48/EF3hqp.jpg",
			"catalogue": [{
				"catalogue": "test11"
			}, {
				"catalogue": "test12"
			}, {
				"catalogue": "test13"
			}, {
				"catalogue": "test14"
			}]
		}, {
			"url": "https://cdn.shopify.com/s/files/1/0608/8161/products/DSC02603.jpg",
			"catalogue": [{
				"catalogue": "image11"
			}, {
				"catalogue": "image12"
			}, {
				"catalogue": "image13"
			}, {
				"catalogue": "image14"
			}]
		}, {
			"url": "https://cdn11.bigcommerce.com/s-x49po/images/stencil/original/products/66351/95603/1614791030295_Buddha__85386.1615457508.jpg",
			"catalogue": [{
				"catalogue": "test11"
			}, {
				"catalogue": "test12"
			}, {
				"catalogue": "test13"
			}, {
				"catalogue": "test14"
			}]
		}]
	}, {
		"postid": 2,
		"image": [{
			"url": "https://i.pinimg.com/736x/f3/ee/59/f3ee59f3285c72ad536fc96d30fbec24.jpg",
			"catalogue": [{
				"catalogue": "image21"
			}, {
				"catalogue": "image22"
			}, {
				"catalogue": "image23"
			}, {
				"catalogue": "image24"
			}]
		}, {
			"url": "https://i.pinimg.com/736x/f3/ee/59/f3ee59f3285c72ad536fc96d30fbec24.jpg",
			"catalogue": [{
				"catalogue": "image21"
			}, {
				"catalogue": "image22"
			}, {
				"catalogue": "image23"
			}, {
				"catalogue": "image24"
			}]
		}, {
			"url": "https://i0.wp.com/stepbysteppainting.net/wp-content/uploads/2022/03/Lily-Pond-Bridge.jpg",
			"catalogue": [{
				"catalogue": "image21"
			}, {
				"catalogue": "image22"
			}, {
				"catalogue": "image23"
			}, {
				"catalogue": "image24"
			}]
		}, {
			"url": "https://cdn.wallpapersafari.com/36/48/EF3hqp.jpg",
			"catalogue": [{
				"catalogue": "image21"
			}, {
				"catalogue": "image22"
			}, {
				"catalogue": "image23"
			}, {
				"catalogue": "image24"
			}]
		}, {
			"url": "https://cdn.shopify.com/s/files/1/0608/8161/products/DSC02603.jpg",
			"catalogue": [{
				"catalogue": "image21"
			}, {
				"catalogue": "image22"
			}, {
				"catalogue": "image23"
			}, {
				"catalogue": "image24"
			}]
		}, {
			"url": "https://cdn11.bigcommerce.com/s-x49po/images/stencil/original/products/66351/95603/1614791030295_Buddha__85386.1615457508.jpg",
			"catalogue": [{
				"catalogue": "image21"
			}, {
				"catalogue": "image22"
			}, {
				"catalogue": "image23"
			}, {
				"catalogue": "image24"
			}]
		}]
	}]
}]